{"question":{"text":"\"... i hver af de tre h\u00f8nseburer og 7 grise.\"","image":""},"answer":{"options":[{"text":"10","image":"","correct":false},{"text":"20","image":"","correct":false},{"text":"25","image":"","correct":false},{"text":"30","image":"","correct":true},{"text":"32","image":"","correct":false}],"hintImage":"","hintText":"\"En bondemand har 3 k\u00f8er, 5 heste, 5 h\u00f8ns ... \"\r\nSammenhold informationerne med udeholdets halvdel af historien og g\u00e6t hvor mange dyr bondemanden har."}}